<EE_EAI_MESSAGE>
   <EE_EAI_HEADER>
      <MsgFormat>ACCOUNT_SUMMARY</MsgFormat>
      <MsgVersion>0000</MsgVersion>
      <RequestorChannelId>BPM</RequestorChannelId>
      <RequestorUserId>RAKUSER</RequestorUserId>
      <RequestorLanguage>E</RequestorLanguage>
      <RequestorSecurityInfo>secure</RequestorSecurityInfo>
      <ReturnCode>0000</ReturnCode>
      <ReturnDesc>Success</ReturnDesc>
      <MessageId>123123453</MessageId>
      <Extra1>REP||JOHN.JOHN</Extra1>
      <Extra2>2008-01-16T18:28:00.000+04:00</Extra2>
   </EE_EAI_HEADER>
   <FetchFINAccountListRes>
      <CIFID>****</CIFID>
      <BankId>RAK</BankId>
      <ProdProc>FINACLECORE,CAPS,RLS</ProdProc>
      <StatusAsOf>1900-01-01T00:00:00.000+04:00</StatusAsOf>
      <IsIslamic>I/C/B</IsIslamic>
      <IsPremium>Y</IsPremium>
      <IsWealth>N</IsWealth>
      <FINAccountDetail>
         <BranchId>0001</BranchId>
         <Acid>*******</Acid>
         <Foracid>********</Foracid>
         <AcctType>TDA</AcctType>
         <AccountCategory>TA001</AccountCategory>
         <CrnCode>AED</CrnCode>
         <NicName>Shankar</NicName>
         <AccountName>Shankar</AccountName>
         <LocDesc/>
         <AcctBal>****</AcctBal>
         <CurrentBal>1234</CurrentBal>
         <LedgerBalance>0</LedgerBalance>
         <Interest>0.1</Interest>
         <OverDraftLimit>0</OverDraftLimit>
         <LoanAmount>0</LoanAmount>
         <LedgerBalanceinAED>0</LedgerBalanceinAED>
         <LoanAmtAED>0</LoanAmtAED>
         <EffAvailableBal>0</EffAvailableBal>
         <AutoRenFlag>N</AutoRenFlag>
         <InsuranceFlag>N</InsuranceFlag>
         <JntAcctIndicator>N</JntAcctIndicator>
         <DisplayInvAccFlg/>
         <AcctStatus>001</AcctStatus>
         <AcctAccess/>
         <AcctOpnDt>2006-01-30</AcctOpnDt>
         <MaturityDt>1900-01-01</MaturityDt>
         <IntRate>12.00</IntRate>
         <HostId>FIN</HostId>
         <MaturityAmt>1200</MaturityAmt>
         <LastStmtDate>1900-01-01</LastStmtDate>
         <PymtDueDate>1900-01-01</PymtDueDate>
         <CustomerLimit>0</CustomerLimit>
         <EquivalentAmt>0</EquivalentAmt>
         <CostPrice>0</CostPrice>
         <CreditLimit/>
         <ProductId>CURRENT ACCOUNT</ProductId>
         <ModeOfOperation>SINGLY</ModeOfOperation>
         <RelationshipManager/>
         <RelationshipValue/>
         <RAKValPackage>EXTRAP</RAKValPackage>
         <RAKValueStatus>A</RAKValueStatus>
         <DormantSince>2016-02-20</DormantSince>
	<FreezeType>D</FreezeType>
<FreezeReasonCode>001</FreezeReasonCode>
	<FreezeRemarks>text</FreezeRemarks>
	<AddtnlFreezeDtls>
<FreezeReasonCode>001</FreezeReasonCode>
<FreezeRemarks>text</FreezeRemarks>
</AddtnlFreezeDtls>
      </FINAccountDetail>
   </FetchFINAccountListRes>
</EE_EAI_MESSAGE>
