<Configuration>
<Dataset>
	
	<AccountRelation>
			<Tables>acc_relation_repeater_oao</Tables>
			<FieldSet>
				<Field> a.acc_relation</Field>
			</FieldSet>
			<Where> cid=#cid# and wi_name = ##</Where>
	</AccountRelation>
	<CustInfo>
			<Tables>usr_0_cust_txn_oao a,usr_0_product_selected_oao b,ext_ao_offshore c</Tables>
			<FieldSet>
				<Field> a.cust_id</Field>
				<Field>b.acc_no</Field>
			</FieldSet>
			<Where> a.wi_name=c.wi_name and c.wi_name=## and b.wi_name= c.wi_name</Where>
	</CustInfo>
	<Custom>
			<Tables>usr_0_doc_details_oao a,pdbdocument b</Tables>
			<FieldSet>
				<Field>cust_id</Field>
				<Field>imageindex</Field>
				<Field>b.volumeid</Field>
				<Field>doc_name</Field>
				<Field>noofpages</Field>
				<Field>documenttype</Field>
				<Field>documentsize</Field>
				<Field>appname</Field>
			</FieldSet>
			<Where>wi_name=## and a.doc_index=b.documentindex union select (select to_char(cid) from acc_relation_repeater_oao where wi_name= ## and sno=1),imageindex,b.volumeid,b.name,noofpages,documenttype,documentsize,appname from pdbfolder a,pdbdocument b ,pdbdocumentcontent c  where a.name= ## and a.folderindex=c.parentfolderindex and b.documentindex=c.documentindex </Where>
	</Custom>
	<PrimaryTypes>JAF,JOF,Minor</PrimaryTypes>
</Dataset>
</Configuration>