<EE_EAI_MESSAGE>
   <EE_EAI_HEADER>
      <MsgFormat>ACCOUNT_SUMMARY</MsgFormat>
      <MsgVersion>0000</MsgVersion>
      <RequestorChannelId>BPM</RequestorChannelId>
      <RequestorUserId>RAKUSER</RequestorUserId>
      <RequestorLanguage>E</RequestorLanguage>
      <RequestorSecurityInfo>secure</RequestorSecurityInfo>
      <ReturnCode>911</ReturnCode>
      <ReturnDesc>Issuer Timed Out</ReturnDesc>
      <MessageId>AccountList_Islamic_LOG12</MessageId>
      <Extra1>REQ||LAXMANRET.LAXMANRET</Extra1>
      <Extra2>2015-05-28T21:03:16.088+05:30</Extra2>
   </EE_EAI_HEADER>
   <FetchAccountListReq>
      <BankId>RAK</BankId>
      <CIFID>******</CIFID>
      <FetchClosedAcct>Y</FetchClosedAcct>
      <AccountIndicator>F</AccountIndicator>
   </FetchAccountListReq>
</EE_EAI_MESSAGE>
