<?xml version="1.0" encoding="UTF-8" standalone="yes"?>
<EE_EAI_MESSAGE>
    <EE_EAI_HEADER>
        <MsgFormat>ACCOUNT_HOLD_DETAILS</MsgFormat>
        <MsgVersion>0001</MsgVersion>
        <RequestorChannelId>BPM</RequestorChannelId>
        <RequestorUserId>RAKUSER</RequestorUserId>
        <RequestorLanguage>E</RequestorLanguage>
        <RequestorSecurityInfo>secure</RequestorSecurityInfo>
        <ReturnCode>0000</ReturnCode>
        <ReturnDesc>REQ</ReturnDesc>
        <MessageId>AccountHoldDetails_00</MessageId>
        <Extra1>REQ||BPM.123</Extra1>
        <Extra2>2014-03-25T11:05:30.000+04:00</Extra2>
    </EE_EAI_HEADER>
    <AccountHoldDetailsRequest>
<AccountInfo>
        		<AcctId>0571149688002</AcctId>
	</AccountInfo>
    </AccountHoldDetailsRequest>
<EE_EAI_MESSAGE>
