<EE_EAI_MESSAGE>
    <EE_EAI_HEADER>
        <MsgFormat>ACCOUNT_HOLD_DETAILS</MsgFormat>
        <MsgVersion>0001</MsgVersion>
        <RequestorChannelId>BPM</RequestorChannelId>
        <RequestorUserId> RAKUSER </RequestorUserId>
        <RequestorLanguage>E</RequestorLanguage>
        <RequestorSecurityInfo>secure</RequestorSecurityInfo>
        <ReturnCode>0000</ReturnCode>
        <ReturnDesc>Successful</ReturnDesc>
        <MessageId> AccountHoldDetails_00</MessageId>
        <Extra1>REP||BPM.123</Extra1>
        <Extra2>2016-07-12T05:17:43.449+04:00</Extra2>
    </EE_EAI_HEADER>
    <AccountHoldDetailsResponse>
        <AccountInfo>
            <BankId>RAK</BankId>
            <BranchId/>
            <BankName/>
            <BranchName/>
            <AcctId>0571149688002</AcctId>
            <SchmCode/>
            <SchmType/>
            <AcctCur></AcctCur>
            <PostAddressDetails>
                <AddrLine1/>
                <AddrLine2/>
                <AddrLine3/>
                <PostalCode/>
                <City/>
                <StateProv/>
                <Country/>
                <AddressType/>
            </PostAddressDetails>
        </AccountInfo>
        <LienDetails>
            <LienId>LienId</LienId>
            <NewLienAmount>
                <Amount>200.354</Amount>
                <CurCode>AED</CurCode>
            </NewLienAmount>
            <OldLienAmount>
                <Amount>200.354</Amount>
                <CurCode>AED</CurCode>
            </OldLienAmount>
            <StartDate>2001-12-17T09:30:47Z</StartDate>
            <EndDate>2030-12-17T09:30:47Z</EndDate>
            <ReasonCode/>
            <Remarks/>
            <IsDeletedFlag/>
        </LienDetails>
    </AccountHoldDetailsResponse>
</EE_EAI_MESSAGE>
