<EE_EAI_MESSAGE>
   <EE_EAI_HEADER>
      <MsgFormat>CARD_BALENQ</MsgFormat>
      <MsgVersion>0000</MsgVersion>
      <RequestorChannelId>BPM</RequestorChannelId>
      <RequestorUserId>RAKUSER</RequestorUserId>
      <RequestorLanguage>E</RequestorLanguage>
      <RequestorSecurityInfo>secure</RequestorSecurityInfo>
      <ReturnCode>911</ReturnCode>
      <ReturnDesc>adfafdf</ReturnDesc>
      <MessageId>123123453</MessageId>
      <Extra1>REP||SHELL.JOHN</Extra1>
      <Extra2>2014-03-25T11:05:30.000+04:00</Extra2>
   </EE_EAI_HEADER>
  <CardBalInqRequest>
<BankId>RAK</BankId>
<CIFID>05xxx87</CIFID>
<CardNumber>4581xxxxxxxx2002</CardNumber>
<CardType>Credit/Debit/Prepaid</CardType>
<FreeField1></FreeField1>
<FreeField2></FreeField2>
<FreeField3></FreeField3>
   </CardBalInqRequest>
</EE_EAI_MESSAGE>
