<?xml version="1.0" encoding="UTF-8" standalone="yes"?> 
<EE_EAI_MESSAGE>
   <EE_EAI_HEADER>
      <MsgFormat>CARD_BALENQ</MsgFormat>
      <MsgVersion>0000</MsgVersion>
      <RequestorChannelId>BPM</RequestorChannelId>
      <RequestorUserId>RAKUSER</RequestorUserId>
      <RequestorLanguage>E</RequestorLanguage>
      <RequestorSecurityInfo>secure</RequestorSecurityInfo>
      <ReturnCode>0000</ReturnCode>
      <ReturnDesc>Success</ReturnDesc>
      <MessageId>123123453</MessageId>
      <Extra1>REP||SHELL.JOHN</Extra1>
      <Extra2>2014-03-25T11:05:30.000+04:00</Extra2>
   </EE_EAI_HEADER>
   <CardBalInqResponse>
     	<BankId>RAK</BankId>
   	<CardNumber>4581xxxxxxxx2002</CardNumber>
   	<CardGroupInformation>
<BalanceDetails>
    <BalanceType>TotalLimit</BalanceType>
    <BalanceAmt>00000000000.00</BalanceAmt>
   </BalanceDetails>
   <BalanceDetails>
    <BalanceType>TotalOTB</BalanceType>
    <BalanceAmt>00000000000.00</BalanceAmt>
   </BalanceDetails>
   <BalanceDetails>
    <BalanceType>CashLimit</BalanceType>
    <BalanceAmt>00000000000.00</BalanceAmt>
   </BalanceDetails>
   <BalanceDetails>
    <BalanceType>CashOTB</BalanceType>
    <BalanceAmt>00000000000.00</BalanceAmt>
   </BalanceDetails>
   <BalanceDetails>
    <BalanceType>LedgerOTB</BalanceType>
    <BalanceAmt>00000000000.00</BalanceAmt>
   </BalanceDetails>
   <BalanceDetails>
    <BalanceType>MaxLoanAmount</BalanceType>
    <BalanceAmt>00000000000.00</BalanceAmt>
   </BalanceDetails>
   <BalanceDetails>
    <BalanceType>MinLoanAmount</BalanceType>
    <BalanceAmt>00000000000.00</BalanceAmt>
   </BalanceDetails>
   <BalanceDetails>
    <BalanceType>LastBalance</BalanceType>
    <BalanceAmt>00000000000.00</BalanceAmt>
   </BalanceDetails>
   <BalanceDetails>
    <BalanceType>Bonus</BalanceType>
    <BalanceAmt>00000000000.00</BalanceAmt>
   </BalanceDetails>
   <BalanceDetails>
    <BalanceType>BonusCashAmount</BalanceType>
    <BalanceAmt>00000000000.00</BalanceAmt>
   </BalanceDetails>
   <BalanceDetails>
    <BalanceType>BonusDeclineAmount</BalanceType>
    <BalanceAmt>00000000000.00</BalanceAmt>
   </BalanceDetails><FreeField1>
<FreeField2>
<FreeField3>
</CardGroupInformation>
</CardBalInqResponse>
</EE_EAI_MESSAGE>
