<EE_EAI_MESSAGE>
   <EE_EAI_HEADER>
      <MsgFormat>CUSTOMER_DETAILS</MsgFormat>
      <MsgVersion>0000</MsgVersion>
      <RequestorChannelId>BPM</RequestorChannelId>
      <RequestorUserId>RAKUSER</RequestorUserId>
      <RequestorLanguage>E</RequestorLanguage>
      <RequestorSecurityInfo>secure</RequestorSecurityInfo>
      <ReturnCode>0000</ReturnCode>
      <ReturnDesc>Success</ReturnDesc>
      <MessageId>123123453</MessageId>
      <Extra1>REP||JOHN.JOHN</Extra1>
      <Extra2>2008-01-16T18:28:00.000+04:00</Extra2>
   </EE_EAI_HEADER>
   <FetchCustomerDetailsRes>
      <BankId>RAK</BankId>
      <CIFDet>
         <CIFID>0712700</CIFID>
         <RetCorpFlag>R</RetCorpFlag>
         <CifType>EB</CifType>
         <CustomerStatus>ACTVE</CustomerStatus>
         <CustomerSegment>PBD</CustomerSegment>
         <CustomerSubSeg>PBN</CustomerSubSeg>
< IndSeg/> 
< IndSubSeg/>

         <PhnDet>
            <PhnType>CELLPH1</PhnType>
            <PhnPrefFlag>Y</PhnPrefFlag>
            <PhnCountryCode>*****</PhnCountryCode>
            <PhnCityCode>****</PhnCityCode>
            <PhnLocalCode>*********</PhnLocalCode>
            <PhoneNo>**************</PhoneNo>
         </PhnDet>
         <AddrDet>
            <AddressType>OFFICE</AddressType>
            <EffectiveFrom>07-10-2010</EffectiveFrom>
            <EffectiveTo>31-12-2099</EffectiveTo>
            <HoldMailFlag>N</HoldMailFlag>          
            <AddrPrefFlag>N</AddrPrefFlag>
            <AddrLine1>*****</AddrLine1>
            <AddrLine2>*****</AddrLine2>
            <AddrLine3>*****</AddrLine3>
            <AddrLine4>*****</AddrLine4>
            <ResType>*****</ResType>
            <POBox>*****</POBox>
            <zipcode/>
            <City>***</City>
            <Country>AE</Country>
         </AddrDet>
         <AddrDet>
            <AddressType>Registered</AddressType>
            <EffectiveFrom>07-10-2010</EffectiveFrom>
            <EffectiveTo>31-12-2099</EffectiveTo>
            <HoldMailFlag>N</HoldMailFlag>            
            <AddrPrefFlag>N</AddrPrefFlag>
            <AddrLine1>*****</AddrLine1>
            <AddrLine2>*****</AddrLine2>
            <AddrLine3>*****</AddrLine3>
            <AddrLine4>*****</AddrLine4>
            <ResType>*****</ResType>
            <POBox>*****</POBox>
            <zipcode/>
            <City>***</City>
            <Country>AE</Country>
         </AddrDet>
         <EmlDet>
            <EmlType>ELML1</EmlType>
            <EmlPrefFlag>Y</EmlPrefFlag>
            <Email>************************</Email>
         </EmlDet>
         <EmlDet>
            <EmlType>ELML2</EmlType>
            <EmlPrefFlag>N</EmlPrefFlag>
            <Email>************************</Email>
         </EmlDet>
         <isPremium>Y</isPremium>
         <isWMCustomer>N</isWMCustomer>
	<isStaff>N</isStaff>
         <DocDet>
            <DocType>VISA</DocType>
            <DocTypeDesc>VISA FILE Number</DocTypeDesc>
            <DocIsVerified>Y</DocIsVerified>
            <DocNo>324378438432</DocNo>
            <DocExpDate>29-12-2016</DocExpDate>
         </DocDet>
         <DocDet>
            <DocType>EMID</DocType>
            <DocTypeDesc>Emirates Id</DocTypeDesc>
            <DocIsVerified>Y</DocIsVerified>
            <DocNo>784198546081476</DocNo>
            <DocExpDate>29-12-2016</DocExpDate>
         </DocDet>
        <BuddyRMDetails>
            <BuddyRMName>Ganesh</BuddyRMName>
            <BuddyRMPhone>971122456789</BuddyRMPhone>
         <BuddyRMEmail>Ganesh@rak.com</BuddyRMEmail>
         </BuddyRMDetails>
         <BackupRMDetails>
            <RMName>Suresh</RMName>
            <RMPhone>971123456789</RMPhone>
            <RMEmail>Suresh@rak.com</RMEmail>
         </BackupRMDetails>
         <RetAddnlDet>
            <Title>Mr.</Title>
            <CustomerName>Vikas Bansal</CustomerName>
            <FName>Vikas</FName>
            <MName/>
            <LName>Bansal</LName>
            <Gender>M</Gender>
            <DOB>28-01-1986</DOB>
            <MinorFlg>N</MinorFlg>
            <MaritialStatus>S</MaritialStatus>
            <MotherMaidenName>MOTHERS MAIDEN NAME</MotherMaidenName>
            <Nationality>IN</Nationality>
            <ResidentCountry>AE</ResidentCountry>
<EmploymentDet>
<EmpType/> 
< EmplrCode/> 
< EmplrName/> 
< Dept/> 
< EmpStatus/> 
< DOJ/> 
< Occupation/> 
< Desig/> 
< CurrJobPeriod/> 
< PrevOrgName/> 
< PrevOrgDur/> 
< GrossSal/> 
< StaffId/> 
< BusName/> 
< BusDuration/> 
< TotEmpYrs/> 
</EmploymentDet/>
         </RetAddnlDet>

         <FatcaDet>
   <USRelation>N</USRelation>
   <TIN>X</TIN>
   <FatcaReason>US CITIZEN/RESIDENT/TAXPAYER/GREENCARD!US PLACE OF BIRTH!CURRENT US ADDR!CURRENT US PHONE NO!POA/SIGN US ADDR</FatcaReason>
   <DocumentsCollected>ID DOC!SELF-ATTEST FORM</DocumentsCollected>
   <SignedDate>2010-10-10</SignedDate>
   <SignedExpiryDate>2010-10-10</SignedExpiryDate>
</FatcaDet>
<KYCDet>
   <KYCHeld>Y</ KYCHeld>
   <KYCReviewDate>2016-01-01</KYCReviewDate>
<MthlyCrTurnOvrCur/> 
< ExpCashCrTrCurr/> 
< ExpCashCrTrAmt/> 
< ExpNCashCrTrCurr/> 
< ExpNCashCrTrAmt/> 
< MNCashCrTnOvrPer/> 
< MCashCrTnOvrPer/> 
< PEP>
</KYCDet>
<OECDDet>
   <CityOfBirth>XXX</CityOfBirth>
   <CountryOfBirth>XXX</CountryOfBirth>
   <CRSUnDocFlg>XXX</CRSUnDocFlg>
   <CRSUndocFlgReason>XXXX</CRSUndocFlgReason>
   <ReporCntryDet>
      <CntryOfTaxRes>XXX</CntryOfTaxRes>
      <TINNumber>XXXX</TINNumber>
      <NoTINReason>XXXXX</NoTINReason>
      <MiscellaneousID>XXXXX</MiscellaneousID>
   </ReporCntryDet>
   <ReporCntryDet>
      <CntryOfTaxRes>XXX</CntryOfTaxRes>
      <TINNumber>XXXX</TINNumber>
      <NoTINReason>XXXXX</NoTINReason>
      <MiscellaneousID>XXXXX</MiscellaneousID>
   </ReporCntryDet>
</OECDDet>
<AECBConsentHeld>Y</AECBConsentHeld>
          <RiskProfile>Customer Risk profile</RiskProfile>  
           <RiskExpiryDate>2022-11-18</RiskExpiryDate>
      </CIFDet>
      <CIFDet>
         <CIFID>0712701</CIFID>
         <RetCorpFlag>C</RetCorpFlag>
         <CifType>EB</CifType>
         <CustomerStatus>ACTVE</CustomerStatus>
         <CustomerSegment>CBD</CustomerSegment>
         <CustomerSubSeg>CBN</CustomerSubSeg>
         <PhnDet>
            <PhnType>CELLPH1</PhnType>
            <PhnPrefFlag>Y</PhnPrefFlag>
            <PhnCountryCode>*****</PhnCountryCode>
            <PhnLocalCode>*********</PhnLocalCode>
            <PhoneNo>**************</PhoneNo>
         </PhnDet>
         <AddrDet>
            <AddressType>OFFICE</AddressType>
            <EffectiveFrom>07-10-2010</EffectiveFrom>
            <EffectiveTo>31-12-2099</EffectiveTo>
            <HoldMailFlag>N</HoldMailFlag>            
            <AddrPrefFlag>N</AddrPrefFlag>
            <AddrLine1>*****</AddrLine1>
            <AddrLine2>*****</AddrLine2>
            <AddrLine3>*****</AddrLine3>
            <AddrLine4>*****</AddrLine4>
            <ResType>*****</ResType>
            <POBox>*****</POBox>
            <zipcode/>
            <City>***</City>
            <Country>AE</Country>
         </AddrDet>
         <AddrDet>
            <AddressType>Registered</AddressType>
            <EffectiveFrom>07-10-2010</EffectiveFrom>
            <EffectiveTo>31-12-2099</EffectiveTo>
            <HoldMailFlag>N</HoldMailFlag>             <AddrPrefFlag>N</AddrPrefFlag>
            <AddrLine1>*****</AddrLine1>
            <AddrLine2>*****</AddrLine2>
            <AddrLine3>*****</AddrLine3>
            <AddrLine4>*****</AddrLine4>
            <ResType>*****</ResType>
            <POBox>*****</POBox>
            <zipcode/>
            <City>***</City>
            <Country>AE</Country>
         </AddrDet>
         <EmlDet>
            <EmlType>ELML1</EmlType>
            <EmlPrefFlag>Y</EmlPrefFlag>
            <Email>************************</Email>
         </EmlDet>
         <EmlDet>
            <EmlType>ELML2</EmlType>
            <EmlPrefFlag>N</EmlPrefFlag>
            <Email>************************</Email>
         </EmlDet>
         <isPremium>Y</isPremium>	
         <isWMCustomer>N</isWMCustomer>
         <DocDet>
            <DocType>VISA</DocType>
            <DocTypeDesc>VISA FILE Number</DocTypeDesc>
            <DocIsVerified>Y</DocIsVerified>
            <DocNo>324378438432</DocNo>
            <DocExpDate>29-12-2016</DocExpDate>
         </DocDet>
         <DocDet>
            <DocType>EMID</DocType>
            <DocTypeDesc>Emirates Id</DocTypeDesc>
            <DocIsVerified>Y</DocIsVerified>
            <DocNo>784198546081476</DocNo>
            <DocExpDate>29-12-2016</DocExpDate>
         </DocDet>
         <DocDet>
           <DocType>MARID</DocType>
           <DocTypeDesc>Marsoom Id</DocTypeDesc>
           <DocIsVerified>Y</DocIsVerified>
           <DocNo>XXXXXXXXXXXXXX</DocNo>
           <DocExpDate>29-12-2016</DocExpDate>
         </DocDet>
         <DocDet>
           <DocType>EMREG</DocType>
           <DocTypeDesc>Emirates Registration No</DocTypeDesc>
           <DocIsVerified>Y</DocIsVerified>
           <DocNo>XXXXXXXXXXXXXXXX</DocNo>
           <DocExpDate>29-12-2016</DocExpDate>
         </DocDet>
         <BuddyRMDetails>
            <BuddyRMName>Ganesh</BuddyRMName>
            <BuddyRMPhone>971122456789</BuddyRMPhone>
            <BuddyRMEmail>Ganesh@rak.com</BuddyRMEmail>
         </BuddyRMDetails>
         <BackupRMDetails>
            <RMName>Suresh</RMName>
            <RMPhone>971123456789</RMPhone>
            <RMEmail>Suresh@rak.com</RMEmail>
         </BackupRMDetails>
         <CorpAddnlDet>
            <CorpName>Infosys LLC</CorpName>
            <BusinessIncDate>28-01-1986</BusinessIncDate>
            <OrgCountry>N</OrgCountry>
            <LegEnt/>
         </CorpAddnlDet>
      </CIFDet>
      <DealInfo>
         <DealCount>3</DealCount>
         <DealInfoDet>
            <ProdType>A</ProdType>
            <DealDescription>CREDIT CARD</DealDescription>
            <DealId>D12321</DealId>
            <Identifier>B</Identifier>
            <ContextType>LGIN</ContextType>
            <DealStartDate>2015-11-16</DealStartDate>
            <DealExpiryDate>2008-11-18</DealExpiryDate>
         </DealInfoDet>
      </DealInfo>
   </FetchCustomerDetailsRes>
</EE_EAI_MESSAGE>
