<EE_EAI_MESSAGE>
   <EE_EAI_HEADER>
      <MsgFormat>CUSTOMER_UPDATE_REQ</MsgFormat>
      <MsgVersion>001</MsgVersion>
      <RequestorChannelId>BPM</RequestorChannelId>
      <RequestorUserId>RAKUSER</RequestorUserId>
      <RequestorLanguage>E</RequestorLanguage>
      <RequestorSecurityInfo>secure</RequestorSecurityInfo>
      <ReturnCode>0000</ReturnCode>
      <ReturnDesc>Successful</ReturnDesc>
      <MessageId>Test_CU_0031</MessageId>
      <Extra1>REP||SHELL.dfgJOHN</Extra1>
      <Extra2>2014-01-19T12:20:58.000+04:00</Extra2>
   </EE_EAI_HEADER>
   <CustomerDetailsUpdateRes>
     <BankId>RAK</BankId>
      <CIFId>0326407</CIFId>
      <Status>S</Status>
      <Message>SUCCESS</Message>
   </CustomerDetailsUpdateRes>
</EE_EAI_MESSAGE>
