<EE_EAI_MESSAGE>
<EE_EAI_HEADER>
<MsgFormat>CUSTOMER_SUMMARY</MsgFormat>
<MsgVersion>0000</MsgVersion>
<RequestorChannelId>BPM</RequestorChannelId>
<RequestorUserId>RAKUSER</RequestorUserId>
<RequestorLanguage>E</RequestorLanguage>
<RequestorSecurityInfo>secure</RequestorSecurityInfo>
<ReturnCode>911</ReturnCode>
<ReturnDesc>Issuer Timed Out</ReturnDesc>
<MessageId>143282709427399867</MessageId>
<Extra1>REQ||RAK_TEMP_USER_3394.RAK_TEMP_USER_3394</Extra1>
<Extra2>2015-05-28T21:01:34.273+05:30</Extra2>
</EE_EAI_HEADER>
<RelatedPartyDetailsRequest>
                <BankId>RAK</BankId>
      <CIFId>>*******</CIFId>
      <AccNumber>0780100000323</AccNumber>
      <FetchType>C</FetchType>
      <RelationType>ALL</RelationType>
      <RCIFDetails>
<MobileNo>***********</MobileNo>	
<DOB>2015-05-01</DOB>
<PassportNo>>*******</PassportNo>
       </RCIFDetails>
</RelatedPartyDetailsRequest>
</EE_EAI_MESSAGE>
