<EE_EAI_MESSAGE>
   <EE_EAI_HEADER>
      <MsgFormat>CUSTOMER_DETAILS</MsgFormat>
      <MsgVersion>0000</MsgVersion>
      <RequestorChannelId>BPM</RequestorChannelId>
      <RequestorUserId>RAKUSER</RequestorUserId>
      <RequestorLanguage>E</RequestorLanguage>
      <RequestorSecurityInfo>secure</RequestorSecurityInfo>
      <ReturnCode>911</ReturnCode>
      <ReturnDesc>Issuer Timed Out</ReturnDesc>
      <MessageId>CUSTOMER_DETAILS_LOG_CR</MessageId>
      <Extra1>REQ||LAXMANRET.LAXMANRET</Extra1>
      <Extra2>2015-05-28T21:03:16.088+05:30</Extra2>
   </EE_EAI_HEADER>
   <FetchCustomerDetailsReq>
      <BankId>RAK</BankId>
      <CCIFID>0300300</CCIFID>
      <RCIFID>0300301</RCIFID>
      <DealProdType>A</DealProdType>
      <FetchExpired>Y</FetchExpired>
   </FetchCustomerDetailsReq>
</EE_EAI_MESSAGE>
