<EE_EAI_MESSAGE>
   <EE_EAI_HEADER>
      <MsgFormat>CUSTOMER_SUMMARY</MsgFormat>
      <MsgVersion>0000</MsgVersion>
      <RequestorChannelId>BPM</RequestorChannelId>
      <RequestorUserId>RAKUSER</RequestorUserId>
      <RequestorLanguage>E</RequestorLanguage>
      <RequestorSecurityInfo>secure</RequestorSecurityInfo>
      <ReturnCode>0000</ReturnCode>
      <ReturnDesc>Successful</ReturnDesc>
      <MessageId>143282709427399867</MessageId>
      <Extra1>REP||RAK_TEMP_USER_3394.RAK_TEMP_USER_3394</Extra1>
      <Extra2>2015-05-28T21:01:34.273+05:30</Extra2>
   </EE_EAI_HEADER>
   <RelatedPartyDetailsResponse>
      <BankId>RAK</BankId>
      <RCIFDetails>
         <RCIFId>>*******</RCIFId>
         <RCIFIdStatus>ACTVE</RCIFIdStatus>
         <IsIBEnabled>Y</IsIBEnabled>
         <FName>FIRST NAME FOR 1512018</FName>
         <MName>MIDDLE NAME FOR 1512018</MName>
         <LName>LAST NAME FOR 1512018</LName>
         <MobileNo>00971501512018</MobileNo>
         <EmailId>>*******@RAKBANK.AE</EmailId>
         <DOB>1984-11-09</DOB>
         <PassportNo>Z2032961</PassportNo>
         <SubRelationshipStatus>POWER OF ATTORNEY</SubRelationshipStatus>       </RCIFDetails>
   </RelatedPartyDetailsResponse>
</EE_EAI_MESSAGE>
