<EE_EAI_MESSAGE>
   <EE_EAI_HEADER>
      <MsgFormat>CUSTOMER_UPDATE_REQ</MsgFormat>
      <MsgVersion>001</MsgVersion>
      <RequestorChannelId>BPM</RequestorChannelId>
      <RequestorUserId>RAKUSER</RequestorUserId>
      <RequestorLanguage>E</RequestorLanguage>
      <RequestorSecurityInfo>secure</RequestorSecurityInfo>
      <ReturnCode>911</ReturnCode>
      <ReturnDesc>Issuer Timed Out</ReturnDesc>
      <MessageId>Test_CU_0031</MessageId>
      <Extra1>REQ||SHELL.dfgJOHN</Extra1>
      <Extra2>2014-01-19T12:20:58.000+04:00</Extra2>
   </EE_EAI_HEADER>
   <CustomerDetailsUpdateReq>
         <BankId>RAK</BankId>
         <CIFId>0326407</CIFId>
         <RetCorpFlag>R</RetCorpFlag>
         <ScreeningDone>Y</ScreeningDone>
         <LangPref>ENGLISH</LangPref>
         <ProductProccessor>XXXXX</ProductProccessor>
         <CustClassification>X</CustClassification>
         <ActionRequired>U</ActionRequired>
      <IndustryDet>
	<IndustrySegment>XXXXX</IndustrySegment>
	<IndustrySubSegment>XXXXX</IndustrySubSegment>
      </IndustryDet>       <AddrDet>
         <AddressType>OFFICE</AddressType>
         <EffectiveFrom>2011-07-20</EffectiveFrom>
         <EffectiveTo>2049-12-31</EffectiveTo>
         <HoldMailFlag>Y</HoldMailFlag>
         <HoldMailBCName>TestBC Name</HoldMailBCName>
         <HoldMailReason>aaaaaaaaaaaaaa</HoldMailReason>
         <ReturnFlag>N</ReturnFlag>
         <AddrPrefFlag>N</AddrPrefFlag>
         <AddrLine1>1254111111111111111115</AddrLine1>
         <AddrLine2>PREMISE NAME FOR 0326407</AddrLine2>
         <AddrLine3>STREET NAME FOR 0326407</AddrLine3>
         <AddrLine4>Addr line 4</AddrLine4>
         <ResType>Rent</ResType>
         <POBox>12345</POBox>
         <ZipCode/>
         <State>abcd</State>
         <City>DXB</City>
         <CountryCode>AE</CountryCode>
      </AddrDet>
      <PhnDetails>
         <PhnType>OFFCPH1</PhnType>
         <PhnPrefFlag>N</PhnPrefFlag>
         <PhnCountryCode>00971</PhnCountryCode>
         <PhnCityCode>432</PhnCityCode>
         <PhnLocalCode>420326407</PhnLocalCode>
         <PhoneNo>00971420326407</PhoneNo>
         <PhnExtn>1234</PhnExtn>
      </PhnDetails>
      <EmlDet>
         <EmlType>ELML1</EmlType>
         <EmlPrefFlag>Y</EmlPrefFlag>
         <Email>test@gmail.com</Email>
      </EmlDet>
      <DocDet>
         <DocType>EMID</DocType>
         <DocTypeDesc>EMIRATES ID</DocTypeDesc>
         <DocIsVerified>Y</DocIsVerified>
         <DocNo>784198546081476</DocNo>
         <DocExpDate>2016-12-29</DocExpDate>
      </DocDet>
      <DocDet>
         <DocType>MARID</DocType>
         <DocTypeDesc>MARSOOM ID</DocTypeDesc>
         <DocIsVerified>Y</DocIsVerified>
         <DocNo>XXXXXXXXXXXXXX</DocNo>
         <DocExpDate>2020-01-01</DocExpDate>
      </DocDet>
      <DocDet>
         <DocType>EMREG</DocType>
         <DocTypeDesc>EMIRATES ID REGISTRATION NUMBER</DocTypeDesc>
         <DocIsVerified>Y</DocIsVerified>
         <DocNo>XXXXXXXXXXXXXX</DocNo>
         <DocExpDate>2020-01-01</DocExpDate>
      </DocDet>
     <RtlAddnlDet>
         <ShortName>XXXXX</ShortName>
         <MothersName>XXXXX</MothersName>         <CustType>XXXX</CustType>
         <MaritalStatus>M</MaritalStatus>
         <EmployerCode>XXXXX</EmployerCode>
         <EmployeeNumber>XXXXX</EmployeeNumber>
         <EmploymentType>XXXX</EmploymentType>
         <EmployeeStatus>XXXXX</EmployeeStatus>
         <Occupation>XXXXX</Occupation>
         <DepartmentName>XXXX</DepartmentName>
         <TotEmpYrs>8</TotEmpYrs>
         <BusinessDuration>3</BusinessDuration>
         <DOJ>XXX</DOJ>         <NoOfDepndant>2</NoOfDepndant>
         <Desig>XXX</Desig>
         <GrossSalary>1000</GrossSalary>    
         <PrevOrgName>XXXX</PrevOrgName>
         <PrevOrgDur>XXXX</PrevOrgDur>     
         <AECBconsentHeld>Y</AECBconsentHeld>
         <AECBConsentSource>StrUserField</AECBConsentSource>
         <DNDFlag>Y</DNDFlag>
         <NonResidentInd>N</NonResidentInd>
<ResidentFrom>2010-10-10</ResidentFrom>
         <RiskProfile/>         
<SplSupport>Y</SplSupport>
<PeopleOfDet>HEAR,COGN</PeopleOfDet>
<DetRmks>INJURY</DetRmks>
<FatcaDetails>
            <USRelation>Y</USRelation>
            <TIN>548754554</TIN>
            <FatcaReason>GREENCARD!US PLACE OF BIRTH</FatcaReason>
            <DocumentsCollected>DOC!SELF-ATTEST FORM</DocumentsCollected>
  <SignedDate>2010-10-10</SignedDate>
  <SignedExpiryDate>2010-10-10</SignedExpiryDate>
<Category>XXXX</Category>
<CriteriaUSEntity> XXXX </CriteriaUSEntity>
<ExmptdUSEntity> XXXX </ExmptdUSEntity>
<CorpFATCAType> XXXX </CorpFATCAType>
<FinancialEntity> XXXX </FinancialEntity>
<GIINNumber> XXXX </GIINNumber>
<ContrlngUSRelatn> XXXX </ContrlngUSRelatn>
<FatcaEntityType> XXXX </FatcaEntityType>
<NameOfSecurityMarket> XXXX </NameOfSecurityMarket>
<NameOfTradedCorp> XXXX </NameOfTradedCorp>         </FatcaDetails>
         <KYCDetails>
            <KYCHeld>Y</KYCHeld>
            <KYCReviewdate>2016-12-29</KYCReviewdate>
            <MthlyCrdtTurnOvrCur>AED</MthlyCrdtTurnOvrCur>
            <MthlyCrdtTurnOvrAmt>2000</MthlyCrdtTurnOvrAmt>
            <ExpdCashCrTransCur>AED</ExpdCashCrTransCur>
            <ExpdCashCrTransAmt>100</ExpdCashCrTransAmt>
            <ExpdNCashCrTransCur>AED</ExpdNCashCrTransCur>
            <ExpdNCashCrTransAmt>500</ExpdNCashCrTransAmt>
            <MnthNCashCrTurnOvrPer>5</MnthNCashCrTurnOvrPer>
            <MnthCashCrTurnOvrPer>10</MnthCashCrTurnOvrPer>
            <PEP>LPEP</PEP>
         </KYCDetails>
         <OECDDet>
<CityOfBirth>XXX</CityOfBirth>
<CountryOfBirth>XXX</CountryOfBirth>
<CRSUnDocFlg>XXX</CRSUnDocFlg>
<CRSUndocFlgReason>XXXX</CRSUndocFlgReason>
          <ReporCntryDet>
<CntryOfTaxRes>XXX</CntryOfTaxRes>
<TINNumber>XXXX</TINNumber>
<NoTINReason>XXXXX</NoTINReason>
<NoTINReasonDetails>XXXXXXXXX</NoTINReasonDetails>
<MiscellaneousID>XXXXX</MiscellaneousID>
          </ReporCntryDet>
          <ReporCntryDet>
<CntryOfTaxRes>XXX</CntryOfTaxRes>
<TINNumber>XXXX</TINNumber>
<NoTINReason>XXXXX</NoTINReason>
<MiscellaneousID>XXXXX</MiscellaneousID>
           </ReporCntryDet>
       </OECDDet>
       <EmployerNm>XXXXXXXX</EmployerNm>
      </RtlAddnlDet>
<CorpRelCIFDet>
<RCIFID> XXXX </RCIFID>
<EntityType> XXXX </EntityType>
<RelationshipType> XXXX </RelationshipType>
<IBEnabledFlag> XXXX </IBEnabledFlag>
</CorpRelCIFDet>
<CorpRelCIFDet>
<RCIFID> XXXX </RCIFID>
<EntityType> XXXX </EntityType>
<RelationshipType> XXXX </RelationshipType>
<IBEnabledFlag> XXXX </IBEnabledFlag>
</CorpRelCIFDet>

<CorpRelNonCIFDet>
<FinancialDetID> XXXX </FinancialDetID>
<CountryOfResidence> XXXX </CountryOfResidence>
<Address> XXXX </Address>
<OECDDet>
<CityOfBirth> XXXX </CityOfBirth>
<CountryOfBirth> XXXX </CountryOfBirth>
<CRSUnDocFlg> XXXX </CRSUnDocFlg>
<CRSUndocFlgReason> XXXX </CRSUndocFlgReason>
<ReporCntryDet>
<CntryOfTaxRes> XXXX </CntryOfTaxRes>
<TINNumber> XXXX </TINNumber>
<NoTINReason> XXXX </NoTINReason>
<NoTINReasonDetails> XXXX </NoTINReasonDetails>
</ReporCntryDet>
<ReporCntryDet>
<CntryOfTaxRes> XXXX </CntryOfTaxRes>
<TINNumber> XXXX </TINNumber>
<NoTINReason> XXXX </NoTINReason>
<NoTINReasonDetails> XXXX </NoTINReasonDetails>
</ReporCntryDet>
</OECDDet>
</CorpRelNonCIFDet><CorpRelNonCIFDet>
<FinancialDetID> XXXX </FinancialDetID>
<CountryOfResidence> XXXX </CountryOfResidence>
<Address> XXXX </Address>
<OECDDet>
<CityOfBirth> XXXX </CityOfBirth>
<CountryOfBirth> XXXX </CountryOfBirth>
<CRSUnDocFlg> XXXX </CRSUnDocFlg>
<CRSUndocFlgReason> XXXX </CRSUndocFlgReason>
<ReporCntryDet>
<CntryOfTaxRes> XXXX </CntryOfTaxRes>
<TINNumber> XXXX </TINNumber>
<NoTINReason> XXXX </NoTINReason>
<NoTINReasonDetails> XXXX </NoTINReasonDetails>
</ReporCntryDet>
<ReporCntryDet>
<CntryOfTaxRes> XXXX </CntryOfTaxRes>
<TINNumber> XXXX </TINNumber>
<NoTINReason> XXXX </NoTINReason>
<NoTINReasonDetails> XXXX </NoTINReasonDetails>
</ReporCntryDet>
</OECDDet>
</CorpRelNonCIFDet>
         <BlacklistInfo>
          	    <IsBlacklisted></IsBlacklisted>
               <BLUnit></BLUnit>
               <BLCONumber></BLCONumber>
               <BLCODate></BLCODate>
               <BLExpDate></BLExpDate>
               <BLInactReasonCode></BLInactReasonCode>
               <BLInactRemarks></BLInactReasonCode>
          </BlacklistInfo>
  </CustomerDetailsUpdateReq>
</EE_EAI_MESSAGE>
