<?xml version="1.0" encoding="UTF-8" standalone="yes"?>
<EE_EAI_MESSAGE>
<EE_EAI_HEADER>
<MsgFormat>DEDUP_SUMMARY</MsgFormat>
<MsgVersion>0001</MsgVersion>
<RequestorChannelId>BPM</RequestorChannelId>
<RequestorUserId>RAKUSER</RequestorUserId>
<RequestorLanguage>E</RequestorLanguage>
<RequestorSecurityInfo>secure</RequestorSecurityInfo>
<ReturnCode>0000</ReturnCode>
<ReturnDesc>RES</ReturnDesc>
<MessageId> DEDUPLIST002</MessageId>
<Extra1>RES||BPM.123</Extra1>
<Extra2>2014-03-25T11:05:30.000+04:00</Extra2>
</EE_EAI_HEADER>
<CustomerDuplicationListResponse>
<BankId>RAK</BankId>
		<Customer>
<CIFID></CIFID>
<RetailCorpFlag></RetailCorpFlag>
<CustomerType></CustomerType>
<EntityType></EntityType>
			<StepsMatched></StepsMatched>
<PersonDetails>
<FirstName></FirstName>
<MiddleName></MiddleName>
<LastName></LastName>
<ShortName></ShortName>
<FullName></FullName>
<MaritalStatus></MaritalStatus>
<Nationality></Nationality>
<DateOfBirth></DateOfBirth>
<Occupation></Occupation>
</PersonDetails>
<OrganizationDetails>
		<CorporateName></CorporateName>
		<ShortName></ShortName>
		<RepresentativeLastName></RepresentativeLastName>
		<CountryOfIncorporation></CountryOfIncorporation>
<DateOfIncorporation></DateOfIncorporation>
		<IndustrySegment></IndustrySegment>
<IndustrySubSegment></IndustrySubSegment>
</OrganizationDetails>
<Document>
<DocumentType></DocumentType>
<DocumentRefNumber></DocumentRefNumber>
<DocumentDescription></DocumentDescription>
<Document>
<ContactDetails>
	<EmailAddress>
	<MailIdType></MailIdType>
	<MailIdValue></MailIdValue>
</EmailAddress>
	<PhoneFax>
	<PhoneType></PhoneType>
	<PhoneValue></PhoneValue>
</PhoneFax>
</ContactDetails>
<StatusInfo>
	<StatusType></StatusType>
	<StatusFlag></StatusFlag>
	<StatusNotes></StatusNotes>
	<StatusReason></StatusReason>
	<OverAllFlag></OverAllFlag>
				<ReasonCode></ReasonCode>
				<ReasonNotes></ReasonNotes>								           <ReasonStatus></ReasonStatus>
	<CourtOrderNumber></CourtOrderNumber>
	<CBCircularNumber></CBCircularNumber>
	<CreationDate></CreationDate>
	<CreatedBy></CreatedBy>
</StatusInfo>
<CustStatus>ACTVE</CustStatus>
<CustDormancy>Y</CustDormancy>
		</Customer>
<FreeField1></FreeField1>
<FreeField2></FreeField2>
<FreeField3></FreeField3>
</CustomerDuplicationListResponse>
</EE_EAI_MESSAGE>
