<?xml version="1.0" encoding="UTF-8" standalone="yes"?>
<EE_EAI_MESSAGE>
<EE_EAI_HEADER>
<MsgFormat>DEDUP_SUMMARY</MsgFormat>
<MsgVersion>0001</MsgVersion>
<RequestorChannelId>BPM</RequestorChannelId>
<RequestorUserId>RAKUSER</RequestorUserId>
<RequestorLanguage>E</RequestorLanguage>
<RequestorSecurityInfo>secure</RequestorSecurityInfo>
<ReturnCode>0000</ReturnCode>
<ReturnDesc>REQ</ReturnDesc>
<MessageId>DEDUPLIST001</MessageId>
<Extra1>REQ||BPM.123</Extra1>
<Extra2>2014-03-25T11:05:30.000+04:00</Extra2>
</EE_EAI_HEADER>
<CustomerDuplicationListRequest>
<BankId>RAK</BankId>
<CIFID>FDSGS2313</CIFID>
<CustomerType></CustomerType>
<RetailCorpFlag></RetailCorpFlag>
<EntityType></EntityType>
<PersonDetails>
<FirstName></FirstName>
<MiddleName></MiddleName>
<LastName></LastName>
<ShortName></ShortName>
<FullName></FullName>
<MaritalStatus></MaritalStatus>
<Nationality></Nationality>
<DateOfBirth></DateOfBirth>
<Occupation></Occupation>
</PersonDetails>
<OrganizationDetails>
	<CorporateName></CorporateName>
	<ShortName></ShortName>
	<RepresentativeLastName></RepresentativeLastName>
	<CountryOfIncorporation></CountryOfIncorporation>
<DateOfIncorporation></DateOfIncorporation>
	<IndustrySegment></IndustrySegment>
<IndustrySubSegment></IndustrySubSegment>
</OrganizationDetails>
<AddressDetails>
	<AddressType></AddressType>
	<AddressLine1></AddressLine1>
	<AddressLine2></AddressLine2>
<AddressLine3></AddressLine3>
<City></City>
<State></State>
<Country></Country>
<ZipCode></ZipCode>
<POBox></POBox>
</AddressDetails>
<ContactDetails>
	<EmailAddress>
	<MailIdType></MailIdType>
	<MailIdValue></MailIdValue>
</EmailAddress>
	<PhoneFax>
	<PhoneType></PhoneType>
	<PhoneValue></PhoneValue>
</PhoneFax>
</ContactDetails>
<DSAId></DSAId>
<BranchId></BranchId>
<PrimaryServiceCentre></PrimaryServiceCentre>
<GroupId></GroupId>
<GroupName></GroupName>
<RelationshipManagerCode></RelationshipManagerCode>
<AccountManagerId></AccountManagerId>
<StatusInfo>
	<StatusType></StatusType>
	<StatusValue></StatusValue>
</StatusInfo>
<Account>
<AccountType></AccountType>
<AccountNumber></AccountNumber>
</Account>
<Document>
<DocumentType></DocumentType>
<DocumentRefNumber></DocumentRefNumber>
<Document>
<FreeField1></FreeField1>
<FreeField2></FreeField2>
<FreeField3></FreeField3>
</CustomerDuplicationListRequest>
</EE_EAI_MESSAGE>
