<EE_EAI_MESSAGE>
   <EE_EAI_HEADER>
      <MsgFormat>EXCHANGE_RATE_DETAILS</MsgFormat>
      <MsgVersion>0001</MsgVersion>
      <RequestorChannelId>BPM</RequestorChannelId>
      <RequestorUserId>RAKUSER</RequestorUserId>
      <RequestorLanguage>E</RequestorLanguage>
      <RequestorSecurityInfo>secure</RequestorSecurityInfo>
      <ReturnCode>911</ReturnCode>
      <ReturnDesc>Issuer Timed Out</ReturnDesc>
      <MessageId>123123453</MessageId>
      <Extra1>REQ||SHELL.JOHN</Extra1>
      <Extra2>YYYY-MM-DDThh:mm:ss.mmm+hh:mm</Extra2>
   </EE_EAI_HEADER>
   <ExchangeRateCriteria>
      <BankId>RAK</BankId>
      <CustId>0001123456001</CustId>
      <CustomerCategory>AAA</CustomerCategory>
      <UserType>R</UserType>
      <Ratecode>TTB</Ratecode>
      <Currentdate>2011-10-06T16:43:21.504+04:00</Currentdate>
      <DbtCurCode>USD</DbtCurCode>
      <CrdCurCode>AED</CrdCurCode>
      <TxnAmount>+0000000000001000</TxnAmount>
      <TxnCurCode>AED</TxnCurCode>
      <HomeCurCode>AED</HomeCurCode>
      <TargetSystem>FIN</TargetSystem>
      <DealNumber/>
   </ExchangeRateCriteria>
</EE_EAI_MESSAGE>
