<EE_EAI_MESSAGE>
   <EE_EAI_HEADER>
      <MsgFormat>EXCHANGE_RATE_DETAILS</MsgFormat>
      <MsgVersion>0001</MsgVersion>
      <RequestorChannelId>BPM</RequestorChannelId>
      <RequestorUserId>RAKUSER</RequestorUserId>
      <RequestorLanguage>E</RequestorLanguage>
      <RequestorSecurityInfo>secure</RequestorSecurityInfo>
      <ReturnCode>0000</ReturnCode>
      <ReturnDesc>Successful</ReturnDesc>
      <MessageId>MW_EXCHANGE_RATE_DETAILS_T01</MessageId>
      <Extra1>REP||SHELL.JOHN</Extra1>
      <Extra2>YYYY-MM-DDThh:mm:ss.mmm+hh:mm</Extra2>
   </EE_EAI_HEADER>
   <ExchangeRate>
      <FxdCurUnits>1</FxdCurUnits>
      <FxdCurCode>AED</FxdCurCode>
      <VarCurUnits>4.166467</VarCurUnits>
      <VarCurCode>EUR</VarCurCode>
      <RateMode>N</RateMode>
      <OutputAmount>0</OutputAmount>
      <RateCode>TTB</RateCode>
   </ExchangeRate>
</EE_EAI_MESSAGE>
