<?xml version="1.0" encoding="UTF-8" standalone="yes"?>
<EE_EAI_MESSAGE>
	<EE_EAI_HEADER>
		<MsgFormat>FIN_FREEZE_UNFREEZE</MsgFormat>
		<MsgVersion>0000</MsgVersion>
		<RequestorChannelId>EBC.WBA</RequestorChannelId>
		<RequestorUserId>RAKUSER</RequestorUserId>
		<RequestorLanguage>E</RequestorLanguage>
		<RequestorSecurityInfo>secure</RequestorSecurityInfo>
		<ReturnCode>0000</ReturnCode>
		<ReturnDesc>Successful</ReturnDesc>
		<MessageId>143300521454466445</MessageId>
		<Extra1>REQ||LAXMANRET.LAXMANRET</Extra1>
		<Extra2>2015-05-30T22:30:14.544+05:30</Extra2>
	</EE_EAI_HEADER>
<FreezeUnfreezeRequest>
<BankId>RAK</BankId>
<FuncCode>F</FuncCode>
<AcctId>0543013441001</AcctId>
<ModFreezeInd>Y</ModFreezeInd>
<FrezCode>D</FrezCode>
<FreezeReasonCode1>text</FreezeReasonCode1>
<FreezeReasonCode2> text </FreezeReasonCode2>
<FreezeReasonCode3> text </FreezeReasonCode3>
<FreezeReasonCode4> text </FreezeReasonCode4>
<FreezeReasonCode5> text </FreezeReasonCode5>
<FreezeRemarks1> text </FreezeRemarks1>
<FreezeRemarks2> text </FreezeRemarks2>
<FreezeRemarks3> text </FreezeRemarks3>
<FreezeRemarks4> text </FreezeRemarks4>
<FreezeRemarks5> text </FreezeRemarks5>
<UnfreezeReasonCode></UnfreezeReasonCode>
<UnfreezeRemarks></UnfreezeRemarks>
</FreezeUnfreezeRequest>
</EE_EAI_MESSAGE>
