<?xml version="1.0"?>
<EE_EAI_MESSAGE>
	<EE_EAI_HEADER>
		<MsgFormat>FIN_FREEZE_UNFREEZE</MsgFormat>
		<MsgVersion>0000</MsgVersion>
		<RequestorChannelId>EBC.WBA</RequestorChannelId>
		<RequestorUserId>RAKUSER</RequestorUserId>
		<RequestorLanguage>E</RequestorLanguage>
		<RequestorSecurityInfo>secure</RequestorSecurityInfo>
		<ReturnCode>0000</ReturnCode>
		<ReturnDesc> Successful </ReturnDesc>
		<MessageId>143300521454466445</MessageId>
		<Extra1>RES||LAXMANRET.LAXMANRET</Extra1>
		<Extra2>2015-05-30T22:30:14.544+05:30</Extra2>
	</EE_EAI_HEADER>
<FreezeUnfreezeResponse>
<BankId>RAK</BankId>		
< Status>S</ Status>
</FreezeUnfreezeResponse>
</EE_EAI_MESSAGE>
