<?xml version="1.0" encoding="UTF-8" standalone="yes"?>
<EE_EAI_MESSAGE>
    <EE_EAI_HEADER>
        <MsgFormat>FRZ_UNFRZ_INVESTMENT</MsgFormat>
        <MsgVersion>0000</MsgVersion>
        <RequestorChannelId>BPM</RequestorChannelId>
        <RequestorUserId>RAKUSER</RequestorUserId>
        <RequestorLanguage>E</RequestorLanguage>
        <RequestorSecurityInfo>secure</RequestorSecurityInfo>
        <ReturnCode>0000</ReturnCode>
        <ReturnDesc>Successful</ReturnDesc>
        <MessageId>143300521454466445</MessageId>
        <Extra1>REQ||LAXMANRET.LAXMANRET</Extra1>
        <Extra2>2015-05-30T22:30:14.544+05:30</Extra2>
    </EE_EAI_HEADER>
    <FreezeInvestmentsRequest>
        <OperationLevel>RAK</OperationLevel>
        <FuncCode>F</FuncCode>
        <CIFId></CIFId>
        <InvestmentID></InvestmentID>
        <FreezeType></FreezeType>
        <FreezeReasonCode1></FreezeReasonCode1>
        <FreezeRemarks1></FreezeRemarks1>
        <UnFreezeRemarks1></UnFreezeRemarks1>
    </FreezeInvestmentsRequest>
</EE_EAI_MESSAGE>
