<EE_EAI_MESSAGE>
	<EE_EAI_HEADER>
		<MsgFormat> INVEST_PORTFOLIO_SUMMARY </MsgFormat>
		<MsgVersion>0000</MsgVersion>
		<RequestorChannelId>EBC.INB</RequestorChannelId>
			<RequestorUserId>RAKUSER</RequestorUserId>
			<RequestorLanguage>E</RequestorLanguage>
			<RequestorSecurityInfo>secure</RequestorSecurityInfo>
			<ReturnCode>0000</ReturnCode>
			<ReturnDesc>Success</ReturnDesc>
			<MessageId>123123453</MessageId>
			<Extra1>REP||INFY.JOHN</Extra1>
			<Extra2> 2011-10-06T16:43:21.504+04:00 </Extra2>
	</EE_EAI_HEADER>
	</PortfolioHolding>
		<BankId>RAK</BankId>
		<CustomerId>1234567</CustomerId>
		<NoOfProducts>2</NoOfProducts>
		<ValuationDate> 2010-12-30</ValuationDate>
		<AcctHolderNm>Gopal</AcctHolderNm>
		<AccountType>RAKInvestmentAccount</AccountType>
		<RelationshipMngrNm>Mohammed</RelationshipMngrNm>
		<StatusAsOf>1900-01-00T00:00:00.999+04:00</StatusAsOf>
<LinkedAccountNum>0018732838858</LinkedAccountNum>
		<PortfolioHoldingDetails>
			<ProductId>143</ProductId>
			<ProductName>Birla Sun life</ProductName>
			<ProductType>A</ProductType>
			<ProductCurrency>USD</ProductCurrency>
			<Quantity>791.5575</Quantity>
			<HoldingAsOf>2007-10-08</HoldingAsOf>
			<HoldingCost>+0000000000001895</HoldingCost>
			<FacilityAmount>+0000000000000000</FacilityAmount>
			<LienFlag>N</LienFlag>			
			<DateOfPurchase> 2010-12-30</DateOfPurchase>
			<PurchasePrice>+0000000000003000</PurchasePrice>
			<TotAmtInvested>+0000000200000000</TotAmtInvested>
			<ValuationDate> 2010-12-30</ValuationDate>
			<CurrentMarketPrice>+0000001200000000</CurrentMarketPrice>
			<CurrentMarketValue>+0000000002300000</CurrentMarketValue>
			<TotCouponReceived>0.00</TotCouponReceived>
			<ProfitLoss>+0000000000023000</ProfitLoss>
			<ReturnPercent>23.23</ReturnPercent>
			<PurchaseValue>150000</PurchaseValue>
			<MarketValue>147000</MarketValue>
			<MTMProfit>-3000</MTMProfit>
		</PortfolioHoldingDetails>	
	</PortfolioHolding>
</EE_EAI_MESSAGE>
