<?xml version="1.0" encoding="UTF-8" standalone="yes"?>
<EE_EAI_MESSAGE>
	<EE_EAI_HEADER>
		<MsgFormat>INVEST_PORTFOLIO_SUMMARY </MsgFormat>
		<MsgVersion>0000</MsgVersion>
		<RequestorChannelId>EBC.INB</RequestorChannelId>
		<RequestorUserId>RAKUSER</RequestorUserId>
		<RequestorLanguage>E</RequestorLanguage>
		<RequestorSecurityInfo>secure</RequestorSecurityInfo>
		<ReturnCode>911</ReturnCode>
		<ReturnDesc>Issuer Timed Out</ReturnDesc>
		<MessageId>143282709427399867</MessageId>
		<Extra1>REQ||INFY.JOHN</Extra1>
		<Extra2>2011-10-06T16:43:21.504+04:00 </Extra2>
	</EE_EAI_HEADER>
	<Holding>
		<BankId>RAK</BankId>
		<CustomerId>1234567</CustomerId>
		<ProductId>143</ProductId>
		<InvestmentId>00792323224</InvestmentId>
<ValuationDate>2015-08-12</ValuationDate>
	</Holding>
</EE_EAI_MESSAGE>
