<?xml version="1.0" encoding="UTF-8" standalone="yes"?>
<EE_EAI_MESSAGE>
	<EE_EAI_HEADER>
		<MsgFormat>MANAGE_ACC_HOLD</MsgFormat>
		<MsgVersion>0000</MsgVersion>
		<RequestorChannelId>BPM</RequestorChannelId>
		<RequestorUserId>RAKUSER</RequestorUserId>
		<RequestorLanguage>E</RequestorLanguage>
		<RequestorSecurityInfo>secure</RequestorSecurityInfo>
		<ReturnCode>911</ReturnCode>
		<ReturnDesc>Issuer Timed Out</ReturnDesc>
		<MessageId>143523029169527002</MessageId>
		<Extra1>REQ||LAXMANRET.LAXMANRET</Extra1>
		<Extra2>2015-06-25T16:34:51.695+05:30</Extra2>
	</EE_EAI_HEADER>
	<ManageAccountHoldRequest>
		<AcctId>0192971720001</AcctId>
		<OperationType>A</OperationType>
		<SchmCode>Strin</SchmCode>
		<SchmType>Strin</SchmType>
		<AcctCur>AED</AcctCur>
		<BankInfo>
			<BankId>String</BankId>
			<BranchId>String</BranchId>
			<BankNm>String</BankNm>
			<BranchNm>String</BranchNm>
			<PostAddr>
				<Addr1>String</Addr1>
				<Addr2>String</Addr2>
				<Addr3>String</Addr3>
				<PostalCode>String</PostalCode>
				<City>Strin</City>
				<StateProv>Strin</StateProv>
				<Country>Strin</Country>
				<AddrType>String</AddrType>
			</PostAddr>
		</BankInfo>
		<ModuleType>ULIEN</ModuleType>
		<LienDetails>
			<LienId>123456</LienId>
			<LienAmtDetails>
				<AmtType>New Lien Amount</AmtType>
				<Amt>100</Amt>
				<CurCode>AED</CurCode>
			</LienAmtDetails>
			<DisbursementDtDetails>
				<DtType>Start Date</DtType>
				<DtValue>2009-02-20</DtValue>
			</DisbursementDtDetails>
			<DisbursementDtDetails>
				<DtType>End Date</DtType>
				<DtValue>2010-02-20</DtValue>
			</DisbursementDtDetails>
		</LienDetails>
	</ ManageAccountHoldRequest>
</EE_EAI_MESSAGE>
