<?xml version="1.0" encoding="UTF-8" standalone="yes"?>
<EE_EAI_MESSAGE>
	<EE_EAI_HEADER>
		<MsgFormat>MANAGE_ACC_HOLD</MsgFormat>
		<MsgVersion>0000</MsgVersion>
		<RequestorChannelId>BPM</RequestorChannelId>
		<RequestorUserId>RAKUSER</RequestorUserId>
		<RequestorLanguage>E</RequestorLanguage>
		<RequestorSecurityInfo>secure</RequestorSecurityInfo>
		<ReturnCode>0000</ReturnCode>
		<ReturnDesc>Succesful</ReturnDesc>
		<MessageId>142882810292516618</MessageId>
		<Extra1>REP||USER1.USER1</Extra1>
		<Extra2>2015-04-12T12:41:42.925+04:00</Extra2>
	</EE_EAI_HEADER>
	<ManageAccountHoldResponse>
		<AcctId>0192971720001</AcctId>
		<SchmCode>Strin</SchmCode>
		<SchmType>Strin</SchmType>
		<AcctCur>AED</AcctCur>
		<BankInfo>
			<BankId>String</BankId>
			<BranchId>String</BranchId>
			<BankNm>String</BankNm>
			<BranchNm>String</BranchNm>
			<PostAddr>
				<Addr1>String</Addr1>
				<Addr2>String</Addr2>
				<Addr3>String</Addr3>
				<PostalCode>String</PostalCode>
				<City>Strin</City>
				<StateProv>Strin</StateProv>
				<Country>Strin</Country>
				<AddrType>String</AddrType>
			</PostAddr>
		</BankInfo>
		<LienDetails>
			<LienId>1234</LienId>
		</LienDetails>
		<ModuleType>ULIEN</ModuleType>
	</ManageAccountHoldResponse>
</EE_EAI_MESSAGE>
