<EE_EAI_MESSAGE>
   <EE_EAI_HEADER>
      <MsgFormat>PAYMENT_REQ</MsgFormat>
      <MsgVersion>0000</MsgVersion>
      <RequestorChannelId>BPM</RequestorChannelId>
      <RequestorUserId>RAKUSER</RequestorUserId>
      <RequestorLanguage>E</RequestorLanguage>
      <RequestorSecurityInfo>secure</RequestorSecurityInfo>
      <ReturnCode>0000</ReturnCode>
      <ReturnDesc>Successful</ReturnDesc>
      <MessageId>UTC_MW_PAYMENT_REQ_01</MessageId>
      <Extra1>REP||LAXMANRET.LAXMANRET</Extra1>
      <Extra2>2015-08-23T18:51:40.664+05:30</Extra2>
   </EE_EAI_HEADER>
   <Payment>
      <HostTxnId>000000004238</HostTxnId>
      <TxnAmtInHomeCrn>1000</TxnAmtInHomeCrn>
      <ValueDate>2014-12-26</ValueDate>
      <BusinessDate>2012-07-12</BusinessDate>
      <CallBackRequired>Y</CallBackRequired>      
      <ReferredCntryFlg>N </ReferredCntryFlg>
   </Payment>
</EE_EAI_MESSAGE>
