<EE_EAI_MESSAGE>
   <EE_EAI_HEADER>
      <MsgFormat>PAYMENT_REQ</MsgFormat>
      <MsgVersion>0000</MsgVersion>
      <RequestorChannelId>BPM</RequestorChannelId>
      <RequestorUserId>RAKUSER</RequestorUserId>
      <RequestorLanguage>E</RequestorLanguage>
      <RequestorSecurityInfo>secure</RequestorSecurityInfo>
      <ReturnCode>911</ReturnCode>
      <ReturnDesc>Issuer Timed Out</ReturnDesc>
      <MessageId>UTC_MW_PAYMENT_REQ_01</MessageId>
      <Extra1>REQ||LAXMANRET.LAXMANRET</Extra1>
      <Extra2>2015-08-23T18:51:40.664+05:30</Extra2>
   </EE_EAI_HEADER>
   <PaymentRequest>
      <XfReqId>****</XfReqId>
      <FrBankId>RAK</FrBankId>
      <FrBrchId>003</FrBrchId>
      <FrAcid>*************</FrAcid>
      <FrAcTyp/>
      <TxnAmt>1000.00</TxnAmt>
      <TxnCrn>AED</TxnCrn>
      <TranRmks/>
      <ToBankId>0</ToBankId>
      <ToBrchId/>
      <ToAcid>***********************</ToAcid>
      <ToAcTyp/>
      <TxnAmtHomeCrn>0.00</TxnAmtHomeCrn>
      <NegExchangeRate>0.0</NegExchangeRate>
      <EffExchangeRate>1.0</EffExchangeRate>
      <Dealer_ref_no/>
      <FrActCrn>AED</FrActCrn>
      <ToActCrn>AED</ToActCrn>
      <ttRefNo/>
      <ttCorrespondent/>
      <ChargeDetail>OUR</ChargeDetail>
      <PayValDate>2015-08-23</PayValDate>
      <RmtrName>******</RmtrName>
      <RmtrNation>AE</RmtrNation>
      <RmtrPhone></RmtrPhone>
      <RmtrAdd>NAVRET34 address1,NAVRET34 address2,address3,RMTHPR</RmtrAdd>
      <RmtrPurpose>fdfds~~~</RmtrPurpose>
      <BenefName>************</BenefName>
      <BenefAddr1>Address1</BenefAddr1>
      <BenefAddr2> Address2</BenefAddr2>
      <BenefAddr3> Address3</BenefAddr3>
      <BenefCountry>UAE</BenefCountry>
      <BenefAddr>***************</BenefAddr>
      <BenefAccNo>***********************</BenefAccNo>
      <BenefBank>NA</BenefBank>
      <BenefBankAddr_1>NANA</BenefBankAddr_1>
      <BenefBankAddr_2>NANA</BenefBankAddr_2>
      <BenefBankCode>NA</BenefBankCode>
      <BenefBankCountry>AE</BenefBankCountry>
      <IntInstName>XXXXXXXX</IntInstName>
      <IntInstAddr1>XXXXXXX</IntInstAddr1>
      <IntInstAddr2>XXXXXXX</IntInstAddr2>
      <IntInstAddr3>XXXXXXX</IntInstAddr3>
      <IntInstCountry>XXXXXXX</IntInstCountry>
      <TxnType>L</TxnType>
      <BnfId>1057</BnfId>
      <ConsumerCode/>
      <PaymPurpose>CHC</PaymPurpose>
      <BnfBankName>ABU DHABI COMMERCIAL BANK</BnfBankName>
      <OrderingParty/>
      <OrderingPartyAddress/>
      <DrOwnRefNo/>
      <CrOwnRefNo/>
      <NostrowAcctNo></NostrowAcctNo>
      <STPFLG>N</STPFLG>
      <OrderType>CT</OrderType>
      <RateCode/>
      <PmtNature/>
      <TargetSystem>FIN</TargetSystem>
      <IFSCCode/>
      <isStaff>N</isStaff>     
      <workFlowItemNo>TT-000000001-Process </workFlowItemNo>
      <OriginalAppRecvd>	Y </OriginalAppRecvd>
   	</PaymentRequest>
</EE_EAI_MESSAGE>
