<EE_EAI_MESSAGE>
    <EE_EAI_HEADER>
        <MsgFormat>RELATED_COMPANY_DETAILS</MsgFormat>
        <MsgVersion>0001</MsgVersion>
        <RequestorChannelId>BPM</RequestorChannelId>
        <RequestorUserId>RAKUSER</RequestorUserId>
        <RequestorLanguage>E</RequestorLanguage>
        <RequestorSecurityInfo>secure</RequestorSecurityInfo>
        <ReturnCode>0000</ReturnCode>
        <ReturnDesc>Success</ReturnDesc>
        <MessageId>UTCTEST001</MessageId>
        <Extra1>REQ||BPM.123</Extra1>
        <Extra2>2014-03-25T11:05:30.000+04:00</Extra2>
    </EE_EAI_HEADER>
    <InqShareholderDetails_Response>
        <MainCIFDetail>
            <CIFId>FDSGS2313</CIFId>
            <CustomerName>ABC</CustomerName>
            <RelationShipType>RelationShipType</RelationShipType>
        </MainCIFDetail>
    </InqShareholderDetails_Response>
</EE_EAI_MESSAGE>
