<?xml version="1.0" encoding="UTF-8" standalone="yes"?>
<EE_EAI_MESSAGE>
    <EE_EAI_HEADER>
        <MsgFormat>RELATED_SHAREDHOLDER_DETAILS</MsgFormat>
        <MsgVersion>0000</MsgVersion>
        <RequestorChannelId>BPM</RequestorChannelId>
        <RequestorUserId>RAKUSER</RequestorUserId>
        <RequestorLanguage>E</RequestorLanguage>
        <RequestorSecurityInfo>secure</RequestorSecurityInfo>
        <ReturnCode>0000</ReturnCode>
        <ReturnDesc>Successful</ReturnDesc>
        <MessageId>UTCTEST001</MessageId>
        <Extra1>REQ||LAXMANRET.LAXMANRET</Extra1>
        <Extra2>2015-05-30T22:30:14.544+05:30</Extra2>
    </EE_EAI_HEADER>
    <InqShareholderDetailsRequest>
        <RetCorpInd>R</RetCorpInd>
        <RetailCustomer>
            <Name>John</Name>
            <DateOfBirth>12-12-1994</DateOfBirth>
            <Nationality>CA</Nationality>
            <PassportNumber>Z2032961</PassportNumber>
        </RetailCustomer>
    </InqShareholderDetailsRequest>
