<EE_EAI_MESSAGE>
   <EE_EAI_HEADER>
      <MsgFormat>SIGNATURE_DETAILS</MsgFormat>
      <MsgVersion>0001</MsgVersion>
      <RequestorChannelId>BPM</RequestorChannelId>
      <RequestorUserId>RAKUSER</RequestorUserId>
      <RequestorLanguage>E</RequestorLanguage>
      <RequestorSecurityInfo>secure</RequestorSecurityInfo>
      <ReturnCode>0000</ReturnCode>
      <ReturnDesc>Successful</ReturnDesc>
      <MessageId> MDL053169113</MessageId>
      <Extra1>REP||PERCOMER.PERCOMER</Extra1>
      <Extra2>2007-01-01T10:30:30.000Z</Extra2>
   </EE_EAI_HEADER>
   <SignatureDetailsRes>
<BankId>RAK</BankId>
          <CustId>>*******</CustId>
          <RuleData>
<RuleDesc>>*******</RuleDesc>
<RuleName>>*******</RuleName>
</RuleData>
<SignatureData>
<isActive>Y</isActive>
<isExpired>Y</isExpired>
<isMandatory>Y</isMandatory>
<isViewRestricted>Y</isViewRestricted>
<remarks>KYCForm</remarks>
<returnedSignature>wedsfsdfsdfdfsfsdf</returnedSignature>	
<CustomerName>Naga</CustomerName>
<ImgAccessCode>1</ImgAccessCode>
<SignGrpName>01</SignGrpName>
<SignRequestID>Sign_0</SignRequestID>
</SignatureData>
   </SignatureDetailsRes>
</EE_EAI_MESSAGE>
