<EE_EAI_MESSAGE>
   <EE_EAI_HEADER>
      <MsgFormat>SIGNATURE_DETAILS</MsgFormat>
      <MsgVersion>0001</MsgVersion>
      <RequestorChannelId>BPM</RequestorChannelId>
      <RequestorUserId>RAKUSER</RequestorUserId>
      <RequestorLanguage>E</RequestorLanguage>
      <RequestorSecurityInfo>secure</RequestorSecurityInfo>
      <ReturnCode>911</ReturnCode>
      <ReturnDesc>Issuer Timed Out</ReturnDesc>
      <MessageId>MDL053169111</MessageId>
      <Extra1>REQ||PERCOMER.PERCOMER</Extra1>
      <Extra2>2007-01-01T10:30:30.000Z</Extra2>
   </EE_EAI_HEADER>
   <SignatureDetailsReq>
<BankId>RAK</BankId>
          <CustId>*******</CustId>
          <AcctId>*******</AcctId>
   </SignatureDetailsReq>
</EE_EAI_MESSAGE>
