<?xml version="1.0" encoding="UTF-8"?>
<!DOCTYPE sun-ejb-jar PUBLIC '-//Sun Microsystems, Inc.//DTD Sun ONE Application Server 7.0 EJB 2.0//EN' 'http://www.sun.com/software/sunone/appserver/dtds/sun-ejb-jar_2_0-0.dtd'>
<sun-ejb-jar>
	<enterprise-beans>
		<ejb>
			<ejb-name>WFCalendarBean</ejb-name>
			<jndi-name>com.newgen.omni.jts.txn.local.WFCalendarLocalHome</jndi-name>
			<pass-by-reference>false</pass-by-reference>
			<is-read-only-bean>false</is-read-only-bean>
			<gen-classes/>
			<bean-pool>
				<steady-pool-size>10</steady-pool-size>
				<resize-quantity>10</resize-quantity>
				<max-pool-size>100</max-pool-size>
				<pool-idle-timeout-in-seconds>600</pool-idle-timeout-in-seconds>
				<max-wait-time-in-millis>-1</max-wait-time-in-millis>
			</bean-pool>
		</ejb>
		<ejb>
			<ejb-name>WFIntegrationBean</ejb-name>
			<jndi-name>com.newgen.omni.jts.txn.local.WFIntegrationLocalHome</jndi-name>
			<pass-by-reference>false</pass-by-reference>
			<is-read-only-bean>false</is-read-only-bean>
			<gen-classes/>
			<bean-pool>
				<steady-pool-size>10</steady-pool-size>
				<resize-quantity>10</resize-quantity>
				<max-pool-size>100</max-pool-size>
				<pool-idle-timeout-in-seconds>600</pool-idle-timeout-in-seconds>
				<max-wait-time-in-millis>-1</max-wait-time-in-millis>
			</bean-pool>
		</ejb>
		<ejb>
			<ejb-name>WMSessionBean</ejb-name>
			<jndi-name>com.newgen.omni.jts.txn.local.WMSessionLocalHome</jndi-name>
			<pass-by-reference>false</pass-by-reference>
			<is-read-only-bean>false</is-read-only-bean>
			<gen-classes/>
			<bean-pool>
				<steady-pool-size>10</steady-pool-size>
				<resize-quantity>10</resize-quantity>
				<max-pool-size>100</max-pool-size>
				<pool-idle-timeout-in-seconds>600</pool-idle-timeout-in-seconds>
				<max-wait-time-in-millis>-1</max-wait-time-in-millis>
			</bean-pool>
		</ejb>
		<ejb>
			<ejb-name>WMProcessDefinitionBean</ejb-name>
			<jndi-name>com.newgen.omni.jts.txn.local.WMProcessDefinitionLocalHome</jndi-name>
			<pass-by-reference>false</pass-by-reference>
			<is-read-only-bean>false</is-read-only-bean>
			<gen-classes/>
			<bean-pool>
				<steady-pool-size>10</steady-pool-size>
				<resize-quantity>10</resize-quantity>
				<max-pool-size>100</max-pool-size>
				<pool-idle-timeout-in-seconds>600</pool-idle-timeout-in-seconds>
				<max-wait-time-in-millis>-1</max-wait-time-in-millis>
			</bean-pool>
		</ejb>
		<ejb>
			<ejb-name>WMWorkitemBean</ejb-name>
			<jndi-name>com.newgen.omni.jts.txn.local.WMWorkitemLocalHome</jndi-name>
			<pass-by-reference>false</pass-by-reference>
			<is-read-only-bean>false</is-read-only-bean>
			<gen-classes/>			
			<bean-pool>
				<steady-pool-size>10</steady-pool-size>
				<resize-quantity>10</resize-quantity>
				<max-pool-size>100</max-pool-size>
				<pool-idle-timeout-in-seconds>600</pool-idle-timeout-in-seconds>
				<max-wait-time-in-millis>-1</max-wait-time-in-millis>
			</bean-pool>
		</ejb>
		<ejb>
			<ejb-name>WMProcessServerBean</ejb-name>
			<jndi-name>com.newgen.omni.jts.txn.local.WMProcessServerLocalHome</jndi-name>
			<pass-by-reference>false</pass-by-reference>
			<is-read-only-bean>false</is-read-only-bean>
			<gen-classes/>
			<bean-pool>
				<steady-pool-size>10</steady-pool-size>
				<resize-quantity>10</resize-quantity>
				<max-pool-size>100</max-pool-size>
				<pool-idle-timeout-in-seconds>600</pool-idle-timeout-in-seconds>
				<max-wait-time-in-millis>-1</max-wait-time-in-millis>
			</bean-pool>
		</ejb>
		<ejb>
			<ejb-name>WMQueueBean</ejb-name>
		    <jndi-name>com.newgen.omni.jts.txn.local.WMQueueLocalHome</jndi-name>
			<pass-by-reference>false</pass-by-reference>
			<is-read-only-bean>false</is-read-only-bean>			
			<gen-classes/>
			<bean-pool>
				<steady-pool-size>10</steady-pool-size>
				<resize-quantity>10</resize-quantity>
				<max-pool-size>100</max-pool-size>
				<pool-idle-timeout-in-seconds>600</pool-idle-timeout-in-seconds>
				<max-wait-time-in-millis>-1</max-wait-time-in-millis>
			</bean-pool>
		</ejb>
		<ejb>
			<ejb-name>WMInstrumentBean</ejb-name>
			<jndi-name>com.newgen.omni.jts.txn.local.WMInstrumentLocalHome</jndi-name>
			<pass-by-reference>false</pass-by-reference>
			<is-read-only-bean>false</is-read-only-bean>
			<gen-classes/>
			<bean-pool>
				<steady-pool-size>10</steady-pool-size>
				<resize-quantity>10</resize-quantity>
				<max-pool-size>100</max-pool-size>
				<pool-idle-timeout-in-seconds>600</pool-idle-timeout-in-seconds>
				<max-wait-time-in-millis>-1</max-wait-time-in-millis>
			</bean-pool>
		</ejb>
		<ejb>
			<ejb-name>OraCreateWorkItemBean</ejb-name>
			<jndi-name>com.newgen.omni.jts.txn.local.OraCreateWorkItemLocalHome</jndi-name>
			<pass-by-reference>false</pass-by-reference>
			<is-read-only-bean>false</is-read-only-bean>
			<gen-classes/>
			<bean-pool>
				<steady-pool-size>10</steady-pool-size>
				<resize-quantity>10</resize-quantity>
				<max-pool-size>100</max-pool-size>
				<pool-idle-timeout-in-seconds>600</pool-idle-timeout-in-seconds>
				<max-wait-time-in-millis>-1</max-wait-time-in-millis>
			</bean-pool>
		</ejb>
		<ejb>
			<ejb-name>WMActivityInstanceBean</ejb-name>
			<jndi-name>com.newgen.omni.jts.txn.local.WMActivityInstanceLocalHome</jndi-name>
			<pass-by-reference>false</pass-by-reference>
			<is-read-only-bean>false</is-read-only-bean>
			<gen-classes/>
			<bean-pool>
				<steady-pool-size>10</steady-pool-size>
				<resize-quantity>10</resize-quantity>
				<max-pool-size>100</max-pool-size>
				<pool-idle-timeout-in-seconds>600</pool-idle-timeout-in-seconds>
				<max-wait-time-in-millis>-1</max-wait-time-in-millis>
			</bean-pool>
		</ejb>
		<ejb>
			<ejb-name>WMExternalDataBean</ejb-name>
			<jndi-name>com.newgen.omni.jts.txn.local.WMExternalDataLocalHome</jndi-name>
			<pass-by-reference>false</pass-by-reference>
			<is-read-only-bean>false</is-read-only-bean>
			<gen-classes/>
			<bean-pool>
				<steady-pool-size>10</steady-pool-size>
				<resize-quantity>10</resize-quantity>
				<max-pool-size>100</max-pool-size>
				<pool-idle-timeout-in-seconds>600</pool-idle-timeout-in-seconds>
				<max-wait-time-in-millis>-1</max-wait-time-in-millis>
			</bean-pool>
		</ejb>
		<ejb>
			<ejb-name>WMLogBean</ejb-name>
			<jndi-name>com.newgen.omni.jts.txn.local.WMLogLocalHome</jndi-name>
			<pass-by-reference>false</pass-by-reference>
			<is-read-only-bean>false</is-read-only-bean>
			<gen-classes/>
			<bean-pool>
				<steady-pool-size>10</steady-pool-size>
				<resize-quantity>10</resize-quantity>
				<max-pool-size>100</max-pool-size>
				<pool-idle-timeout-in-seconds>600</pool-idle-timeout-in-seconds>
				<max-wait-time-in-millis>-1</max-wait-time-in-millis>
			</bean-pool>
		</ejb>
		<ejb>
			<ejb-name>WMStreamBean</ejb-name>
			<jndi-name>com.newgen.omni.jts.txn.local.WMStreamLocalHome</jndi-name>
			<pass-by-reference>false</pass-by-reference>
			<is-read-only-bean>false</is-read-only-bean>
			<gen-classes/>
			<bean-pool>
				<steady-pool-size>10</steady-pool-size>
				<resize-quantity>10</resize-quantity>
				<max-pool-size>100</max-pool-size>
				<pool-idle-timeout-in-seconds>600</pool-idle-timeout-in-seconds>
				<max-wait-time-in-millis>-1</max-wait-time-in-millis>
			</bean-pool>
		</ejb>
		<ejb>
			<ejb-name>WMUserBean</ejb-name>
			<jndi-name>com.newgen.omni.jts.txn.local.WMUserLocalHome</jndi-name>
			<pass-by-reference>false</pass-by-reference>
			<is-read-only-bean>false</is-read-only-bean>
			<gen-classes/>
			<bean-pool>
				<steady-pool-size>10</steady-pool-size>
				<resize-quantity>10</resize-quantity>
				<max-pool-size>100</max-pool-size>
				<pool-idle-timeout-in-seconds>600</pool-idle-timeout-in-seconds>
				<max-wait-time-in-millis>-1</max-wait-time-in-millis>
			</bean-pool>
		</ejb>
		<ejb>
			<ejb-name>WMGroupBean</ejb-name>
			<jndi-name>com.newgen.omni.jts.txn.local.WMGroupLocalHome</jndi-name>
			<pass-by-reference>false</pass-by-reference>
			<is-read-only-bean>false</is-read-only-bean>
			<gen-classes/>
			<bean-pool>
				<steady-pool-size>10</steady-pool-size>
				<resize-quantity>10</resize-quantity>
				<max-pool-size>100</max-pool-size>
				<pool-idle-timeout-in-seconds>600</pool-idle-timeout-in-seconds>
				<max-wait-time-in-millis>-1</max-wait-time-in-millis>
			</bean-pool>
		</ejb>
		<ejb>
			<ejb-name>WMAdminBean</ejb-name>
			<jndi-name>com.newgen.omni.jts.txn.local.WMAdminLocalHome</jndi-name>
			<pass-by-reference>false</pass-by-reference>
			<is-read-only-bean>false</is-read-only-bean>
			<gen-classes/>
			<bean-pool>
				<steady-pool-size>10</steady-pool-size>
				<resize-quantity>10</resize-quantity>
				<max-pool-size>100</max-pool-size>
				<pool-idle-timeout-in-seconds>600</pool-idle-timeout-in-seconds>
				<max-wait-time-in-millis>-1</max-wait-time-in-millis>
			</bean-pool>
		</ejb>
		<ejb>
			<ejb-name>WFSearchBean</ejb-name>
			<jndi-name>com.newgen.omni.jts.txn.local.WFSearchLocalHome</jndi-name>
			<pass-by-reference>false</pass-by-reference>
			<is-read-only-bean>false</is-read-only-bean>
			<gen-classes/>
			<bean-pool>
				<steady-pool-size>10</steady-pool-size>
				<resize-quantity>10</resize-quantity>
				<max-pool-size>100</max-pool-size>
				<pool-idle-timeout-in-seconds>600</pool-idle-timeout-in-seconds>
				<max-wait-time-in-millis>-1</max-wait-time-in-millis>
			</bean-pool>
		</ejb>
		<ejb>
			<ejb-name>WMAuditBean</ejb-name>
			<jndi-name>com.newgen.omni.jts.txn.local.WMAuditLocalHome</jndi-name>
			<pass-by-reference>false</pass-by-reference>
			<is-read-only-bean>false</is-read-only-bean>
			<gen-classes/>
			<bean-pool>
				<steady-pool-size>10</steady-pool-size>
				<resize-quantity>10</resize-quantity>
				<max-pool-size>100</max-pool-size>
				<pool-idle-timeout-in-seconds>600</pool-idle-timeout-in-seconds>
				<max-wait-time-in-millis>-1</max-wait-time-in-millis>
			</bean-pool>
		</ejb>
		<ejb>
			<ejb-name>WMMiscellaneousBean</ejb-name>
			<jndi-name>com.newgen.omni.jts.txn.local.WMMiscellaneousLocalHome</jndi-name>
			<pass-by-reference>false</pass-by-reference>
			<is-read-only-bean>false</is-read-only-bean>
			<gen-classes/>
			<bean-pool>
				<steady-pool-size>10</steady-pool-size>
				<resize-quantity>10</resize-quantity>
				<max-pool-size>100</max-pool-size>
				<pool-idle-timeout-in-seconds>600</pool-idle-timeout-in-seconds>
				<max-wait-time-in-millis>-1</max-wait-time-in-millis>
			</bean-pool>
		</ejb>
		<ejb>
			<ejb-name>WFInternalBean</ejb-name>
			<jndi-name>com.newgen.omni.jts.txn.local.WFInternalLocalHome</jndi-name>
			<pass-by-reference>false</pass-by-reference>
			<is-read-only-bean>false</is-read-only-bean>
			<gen-classes/>
			<bean-pool>
				<steady-pool-size>10</steady-pool-size>
				<resize-quantity>10</resize-quantity>
				<max-pool-size>100</max-pool-size>
				<pool-idle-timeout-in-seconds>600</pool-idle-timeout-in-seconds>
				<max-wait-time-in-millis>-1</max-wait-time-in-millis>
			</bean-pool>
		</ejb>
		<ejb>
			<ejb-name>WFReminderBean</ejb-name>
			<jndi-name>com.newgen.omni.jts.txn.local.WFReminderLocalHome</jndi-name>
			<pass-by-reference>false</pass-by-reference>
			<is-read-only-bean>false</is-read-only-bean>
			<gen-classes/>
			<bean-pool>
				<steady-pool-size>10</steady-pool-size>
				<resize-quantity>10</resize-quantity>
				<max-pool-size>100</max-pool-size>
				<pool-idle-timeout-in-seconds>600</pool-idle-timeout-in-seconds>
				<max-wait-time-in-millis>-1</max-wait-time-in-millis>
			</bean-pool>
		</ejb>
		<ejb>
			<ejb-name>WFMailAgentBean</ejb-name>
			<jndi-name>com.newgen.omni.jts.txn.local.WFMailAgentLocalHome</jndi-name>
			<pass-by-reference>false</pass-by-reference>
			<is-read-only-bean>false</is-read-only-bean>
			<gen-classes/>
			<bean-pool>
				<steady-pool-size>10</steady-pool-size>
				<resize-quantity>10</resize-quantity>
				<max-pool-size>100</max-pool-size>
				<pool-idle-timeout-in-seconds>600</pool-idle-timeout-in-seconds>
				<max-wait-time-in-millis>-1</max-wait-time-in-millis>
			</bean-pool>
		</ejb>
		<ejb>
			<ejb-name>WFExternalApplicationBean</ejb-name>
			<jndi-name>com.newgen.omni.jts.txn.local.WFExternalApplicationLocalHome</jndi-name>
			<pass-by-reference>false</pass-by-reference>
			<is-read-only-bean>false</is-read-only-bean>
			<gen-classes/>
			<bean-pool>
				<steady-pool-size>10</steady-pool-size>
				<resize-quantity>10</resize-quantity>
				<max-pool-size>100</max-pool-size>
				<pool-idle-timeout-in-seconds>600</pool-idle-timeout-in-seconds>
				<max-wait-time-in-millis>-1</max-wait-time-in-millis>
			</bean-pool>
		</ejb>
		<ejb>
			<ejb-name>WFWebServiceInvokerBean</ejb-name>
			<jndi-name>com.newgen.omni.jts.txn.local.WFWebServiceInvokerLocalHome</jndi-name>
			<pass-by-reference>false</pass-by-reference>
			<is-read-only-bean>false</is-read-only-bean>
			<gen-classes/>
			<bean-pool>
				<steady-pool-size>10</steady-pool-size>
				<resize-quantity>10</resize-quantity>
				<max-pool-size>100</max-pool-size>
				<pool-idle-timeout-in-seconds>600</pool-idle-timeout-in-seconds>
				<max-wait-time-in-millis>-1</max-wait-time-in-millis>
			</bean-pool>
		</ejb>
		<ejb>
			<ejb-name>WFClientServiceHandlerBean</ejb-name>
			<jndi-name>WFClientServiceHandlerBean</jndi-name>
			<pass-by-reference>false</pass-by-reference>
			<is-read-only-bean>false</is-read-only-bean>
			<gen-classes/>
			<bean-pool>
				<steady-pool-size>10</steady-pool-size>
				<resize-quantity>10</resize-quantity>
				<max-pool-size>100</max-pool-size>
				<pool-idle-timeout-in-seconds>600</pool-idle-timeout-in-seconds>
				<max-wait-time-in-millis>-1</max-wait-time-in-millis>
			</bean-pool>
		</ejb>
		<ejb>
			<ejb-name>WFWSReqMDB</ejb-name>
			<jndi-name>queue/WFWSReqQueue</jndi-name>
			<mdb-connection-factory>
				<jndi-name>QueueConnectionFactory/JMSQueueConnectionFactory</jndi-name>
			</mdb-connection-factory>
		</ejb>
		<ejb>
			<ejb-name>WFWSResMDB</ejb-name>
			<jndi-name>queue/WFWSResQueue</jndi-name>
			<mdb-connection-factory>
				<jndi-name>QueueConnectionFactory/JMSQueueConnectionFactory</jndi-name>
			</mdb-connection-factory>
		</ejb>
	</enterprise-beans>
</sun-ejb-jar>