<?xml version="1.0" encoding="UTF-8"?>
<!DOCTYPE weblogic-ejb-jar PUBLIC "-//BEA Systems, Inc.//DTD WebLogic 8.1.0 EJB//EN" "http://www.bea.com/servers/wls810/dtd/weblogic-ejb-jar.dtd">
<weblogic-ejb-jar>
	<weblogic-enterprise-bean>
		<ejb-name>WFClientServiceHandlerBean</ejb-name>
		<jndi-name>WFClientServiceHandlerBean</jndi-name>
	</weblogic-enterprise-bean>
	<weblogic-enterprise-bean>
		<ejb-name>WFWSReqMDB</ejb-name>
		<message-driven-descriptor>
			<pool>
				<max-beans-in-free-pool>100</max-beans-in-free-pool>
				<initial-beans-in-free-pool>10</initial-beans-in-free-pool>
			</pool>
			<destination-jndi-name>queue/WFWSReqQueue</destination-jndi-name>
		</message-driven-descriptor>
	</weblogic-enterprise-bean>
	<weblogic-enterprise-bean>
		<ejb-name>WFWSResMDB</ejb-name>
		<message-driven-descriptor>
			<pool>
				<max-beans-in-free-pool>100</max-beans-in-free-pool>
				<initial-beans-in-free-pool>10</initial-beans-in-free-pool>
			</pool>
			<destination-jndi-name>queue/WFWSResQueue</destination-jndi-name>
		</message-driven-descriptor>
	</weblogic-enterprise-bean>
</weblogic-ejb-jar>