<EE_EAI_HEADER>
	<EE_EAI_HEADER>
		  <MsgFormat>CUSTOMER_SR</MsgFormat>
		  <MsgVersion>0000</MsgVersion>
		  <RequestorChannelId>EBC.WBA</RequestorChannelId>
		  <RequestorUserId>RAKUSER</RequestorUserId>
		  <RequestorLanguage>E</RequestorLanguage>
		  <RequestorSecurityInfo>secure</RequestorSecurityInfo>
		  <ReturnCode>0000</ReturnCode>
		  <ReturnDesc>Success</ReturnDesc>
		  <MessageId>UNIQUE Identifier(RQ-DDMMYYYYHHMMSSS)</MessageId>
		  <Extra1>REQ||VIKASRET.VIKASRET</Extra1>
		  <Extra2>2011-02-08T15:31:38.818+05:30(Response Date and time)</Extra2>
	</EE_EAI_HEADER>
	<CreateWorkitemRes>
		<WorkitemNumber>NBTL-0000000001-Process</WorkitemNumber>
	</CreateWorkitemRes>
</EE_EAI_HEADER>
